Bug ID,Bug Resolution Date by Jira,Classes Touched by Last Fix,Earliest AV,Version of Ticket Creation,Version of Fix,Ticket Creation Date,Fix Date (of most recent commit),Hash (of most recent commit),Git Directory
AXIS2C-1647,2013-09-05 18:44:00 +0000,axiom/configure.ac|axiom/pkg.m4|,20,21,21,2013-09-05 18:39:48 +0000,2013-09-05 18:43:28 +0000,005c28f7c817685eb4374f028525b663377061ef,axis2-c
AXIS2C-73,2006-02-27 15:47:39 +0000,src/core/transport/http/server/simple_axis2_server/http_server_main.c|util/include/axutil_file_handler.h|util/include/axutil_log.h|util/src/file_handler.c|util/src/log.c|,4,5,15,2006-02-17 14:12:44 +0000,2007-11-01 00:06:33 +0000,491fe55a5984cc96a32f0ed8460a4286ca6c782a,axis2-c
AXIS2C-61,2006-02-07 13:03:25 +0000,include/axis2_http_out_transport_info.h|include/axis2_msg_ctx.h|include/axis2_out_transport_info.h|src/core/context/msg_ctx.c|src/core/engine/engine.c|src/core/transport/http/common/http_out_transport_info.c|src/core/transport/http/common/http_worker.c|src/core/transport/http/sender/http_transport_sender.c|src/core/transport/http/server/IIS/axis2_iis_worker.c|src/core/transport/http/server/apache2/apache2_worker.c|src/core/util/core_utils.c|,3,4,17,2006-02-06 17:37:02 +0000,2008-03-22 09:08:20 +0000,f44c9ac384a03c557ca40dd3a5788e369594d168,axis2-c
AXIS2C-1434,2010-01-28 11:55:35 +0000,configure.ac|,20,21,21,2010-01-18 15:06:39 +0000,2010-01-28 11:54:58 +0000,2d0049206b09b93b6cfc6415c8dd0f87c45b70ce,axis2-c
AXIS2C-1431,2010-02-24 04:05:31 +0000,axiom/configure.ac|neethi/configure.ac|samples/configure.ac|tools/tcpmon/configure.ac|util/configure.ac|,20,21,21,2010-01-07 14:51:39 +0000,2010-02-25 12:25:32 +0000,a9278c5e03e45e67c19d16b352c39f5d252146e8,axis2-c
AXIS2C-1426,2010-06-02 03:03:48 +0000,axiom/src/xpath/xpath.c|src/modules/mod_addr/mod_addr.c|,20,21,21,2010-01-05 13:55:37 +0000,2010-06-02 03:00:12 +0000,1b32ea285daf341d1fd792d0e113e66579003dc1,axis2-c
AXIS2C-1427,2010-02-24 09:15:13 +0000,axiom/configure.ac|guththila/configure.ac|neethi/configure.ac|samples/configure.ac|tools/md5/configure.ac|tools/tcpmon/configure.ac|,20,21,21,2010-01-06 17:15:40 +0000,2010-02-25 12:29:07 +0000,8519f2fdc9578a49807cfb2f412aee6592b181b0,axis2-c
AXIS2C-54,2006-03-22 17:32:44 +0000,modules/core/engine/ctx_handler.c|modules/core/engine/engine.c|,3,4,13,2006-02-02 22:41:40 +0000,2007-03-26 04:31:35 +0000,152d4dfea8f9ed09ef00c25b6f584fa968210651,axis2-c
AXIS2C-1422,2010-02-23 11:48:43 +0000,util/configure.ac|util/include/platforms/unix/axutil_unix.h|util/src/platforms/unix/uuid_gen_unix.c|,20,21,21,2010-01-05 10:13:54 +0000,2010-02-23 11:47:05 +0000,717e2484dbca1255187f091a82f4b33effde03ad,axis2-c
AXIS2C-1665,2018-12-02 01:12:30 +0000,src/core/transport/http/sender/http_client.c|,20,21,21,2014-07-24 13:27:42 +0000,2018-12-02 01:09:05 +0000,ea12b7c35c6551503a9e26a01059905ecc6a5147,axis2-c
AXIS2C-1416,2009-12-09 03:40:48 +0000,src/core/deployment/svc_builder.c|,20,21,21,2009-11-24 15:23:58 +0000,2009-12-09 03:39:07 +0000,2e75e3cc3873196eb9daefd465c6871f2cf6387b,axis2-c
AXIS2C-1418,2010-03-09 02:48:35 +0000,src/core/transport/http/util/http_transport_utils.c|,20,21,21,2009-12-04 19:15:31 +0000,2010-03-09 02:47:55 +0000,1ca88baae2119ac40b19e8d5e1a7de1de0f70f64,axis2-c
AXIS2C-801,2007-12-11 11:00:21 +0000,xdocs/docs/om_tutorial.html|,14,15,15,2007-12-04 09:07:46 +0000,2007-12-11 10:59:22 +0000,5c96574542fa394c737c48451a9bc623524195b1,axis2-c
AXIS2C-40,2006-02-09 17:44:53 +0000,tools/tcpmon/src/tcpmon.c|,3,3,16,2006-01-27 15:22:00 +0000,2008-02-06 19:32:42 +0000,bb4b29a67bc599627021792eb3206f46f5f98d56,axis2-c
AXIS2C-47,2006-02-12 22:18:34 +0000,util/src/stream.c|,3,3,12,2006-01-31 18:09:04 +0000,2006-12-20 09:42:15 +0000,f845ce4949398f2e90f13760aac38a712d5eb76c,axis2-c
AXIS2C-48,2006-02-27 16:05:04 +0000,rampart/include/rp_encryption_crypto.h|rampart/include/rp_encryption_crypto_builder.h|rampart/include/rp_signature_crypto.h|rampart/include/rp_signature_crypto_builder.h|rampart/src/secpolicy/builder/encryption_crypto_builder.c|rampart/src/secpolicy/builder/signature_crypto_builder.c|rampart/src/secpolicy/model/encryption_crypto.c|rampart/src/secpolicy/model/signature_crypto.c|,3,3,13,2006-01-31 22:03:10 +0000,2007-02-26 11:01:17 +0000,958639e51fae0f7e2de95debf7f8da9a8f1c696a,axis2-c
AXIS2C-1628,2019-01-26 18:45:11 +0000,guththila/src/guththila_reader.c|guththila/src/guththila_xml_parser.c|,20,21,21,2013-03-05 22:59:08 +0000,2014-01-07 23:44:38 +0000,bdf1b7afd7089f5f83f26ffba4115b50ee40d3d9,axis2-c
AXIS2C-1629,2018-08-21 23:40:27 +0000,src/core/transport/http/server/simple_axis2_server/http_server_main.c|tools/tcpmon/src/tcpmon.c|,20,21,21,2013-03-08 16:32:11 +0000,2013-07-18 17:45:05 +0000,c0b059adc16ab942c35a94f31ca81f2a08d3bc19,axis2-c
AXIS2C-1627,2018-05-29 17:20:04 +0000,guththila/tests/test_attribute.cc|,20,21,21,2013-03-05 20:36:00 +0000,2018-05-05 16:07:19 +0000,43e754ec360470d73bdba4c251cf63d264056c93,axis2-c
AXIS2C-818,2008-02-01 20:14:56 +0000,src/core/transport/http/util/http_transport_utils.c|,14,15,16,2007-12-07 23:55:00 +0000,2008-02-01 17:35:39 +0000,748d929ec152cf3a816c3803b6d94f6793d4b10c,axis2-c
AXIS2C-830,2008-02-01 21:56:30 +0000,src/core/transport/http/sender/libcurl/axis2_libcurl.h|,14,15,16,2007-12-12 19:58:57 +0000,2008-02-05 22:57:09 +0000,972c67db70bb99c6a9e531eeb097b65ad08c4d0e,axis2-c
AXIS2C-11,2006-02-09 20:41:58 +0000,src/core/transport/http/common/simple_http_svr_conn.c|,3,3,20,2006-01-11 18:44:28 +0000,2009-01-06 13:02:48 +0000,388affc85e27a401d4959af1acb9567ff8cd5b3a,axis2-c
AXIS2C-12,2006-01-11 20:44:17 +0000,axiom/include/axiom_soap_builder.h|axiom/src/om/axiom_stax_builder_internal.h|axiom/src/om/om_stax_builder.c|axiom/src/soap/axiom_soap_builder_internal.h|axiom/src/soap/soap_builder.c|src/core/transport/amqp/util/axis2_amqp_util.c|src/core/transport/http/util/http_transport_utils.c|,3,3,21,2006-01-11 20:33:50 +0000,2010-04-07 07:20:41 +0000,c050911e3848c25155e9ddb90f7b9c64e2fb05b0,axis2-c
AXIS2C-1611,2012-11-20 04:29:54 +0000,src/core/deployment/dep_engine.c|,20,21,21,2012-11-10 18:41:15 +0000,2012-11-20 04:27:38 +0000,39271401a8c6e3906332475ad69230c518aa18cf,axis2-c
AXIS2C-829,2008-02-10 14:55:01 +0000,src/core/deployment/dep_engine.c|src/core/deployment/desc_builder.c|,15,15,16,2007-12-12 10:52:33 +0000,2008-02-10 14:43:20 +0000,4a1d5e5755ee792e56313e0f517ef8680df72c7d,axis2-c
AXIS2C-164,2006-06-19 16:26:01 +0000,axiom/configure.ac|axiom/pkg.m4|,7,8,21,2006-05-16 13:02:30 +0000,2013-09-05 18:43:28 +0000,005c28f7c817685eb4374f028525b663377061ef,axis2-c
AXIS2C-165,2006-09-20 04:30:36 +0000,util/src/log.c|,8,8,21,2006-05-16 15:55:45 +0000,2018-05-01 01:49:17 +0000,07ab9454d055e689a7e8a6937cd33542be1fa4f8,axis2-c
AXIS2C-1016,2008-03-05 16:14:05 +0000,util/src/uri.c|,16,16,17,2008-02-28 10:28:38 +0000,2008-03-05 16:12:47 +0000,33cce222b399b0caba19e6305fc05c717b240cf9,axis2-c
AXIS2C-160,2006-05-17 15:38:28 +0000,neethi/configure.ac|neethi/test/Makefile.am|,7,7,21,2006-05-11 00:00:21 +0000,2012-11-08 02:46:51 +0000,1413c6b2055b67d6ba8ba8eb6357cd0cdc8e3c17,axis2-c
AXIS2C-1006,2008-02-26 17:23:27 +0000,util/src/log.c|,15,16,16,2008-02-26 09:46:57 +0000,2008-02-26 17:21:30 +0000,f881255932d02bd262db4f903b8f354f6039d404,axis2-c
AXIS2C-1243,2008-12-23 09:23:44 +0000,src/core/transport/http/sender/libcurl/axis2_libcurl.c|,19,20,20,2008-07-28 16:08:28 +0000,2008-12-23 09:23:11 +0000,ade87c2d0adf2a3aa1f187ef0add120f3a7430bd,axis2-c
AXIS2C-1244,2009-05-27 04:21:48 +0000,src/core/transport/http/sender/http_sender.c|,17,20,21,2008-07-30 01:56:16 +0000,2009-05-27 04:20:08 +0000,d2df3532205eb484f27bee057df509df30f904f8,axis2-c
AXIS2C-1238,2008-07-22 04:24:26 +0000,guththila/src/guththila_xml_parser.c|,17,19,20,2008-07-18 03:39:45 +0000,2008-07-22 04:24:07 +0000,94ad1d4493a248d133ba31fbff27902686a0d98e,axis2-c
AXIS2C-1030,2008-03-05 20:50:47 +0000,util/src/url.c|,16,16,17,2008-02-29 12:15:18 +0000,2008-03-05 20:48:03 +0000,3dd975a0d2aae187e121e1804f7b6092ed76b3b5,axis2-c
AXIS2C-1034,2008-03-06 13:32:38 +0000,util/include/axutil_url.h|util/src/url.c|,16,16,17,2008-02-29 14:28:32 +0000,2008-03-06 13:31:50 +0000,899acfb179a65c28d0e9b6e1c9340c4d070b2c78,axis2-c
AXIS2C-1278,2008-10-21 09:48:56 +0000,src/core/transport/http/common/http_worker.c|,17,20,20,2008-10-21 09:44:37 +0000,2008-10-21 09:49:50 +0000,84f505c579ec84138a2192a58a4367cb0b9672cb,axis2-c
AXIS2C-1020,2008-03-05 20:18:09 +0000,util/src/uri.c|,16,16,17,2008-02-28 18:21:51 +0000,2008-03-05 18:32:38 +0000,1389aacceb1e0689148d00531decb606df0307e6,axis2-c
AXIS2C-1268,2008-12-23 15:04:37 +0000,ides/vc/axis2c/axis2_tcp_receiver/axis2_tcp_receiver.vcproj|ides/vc/axis2c/axis2_tcp_server/axis2_tcp_server.vcproj|src/core/transport/tcp/axis2_tcp_server.h|src/core/transport/tcp/receiver/Makefile.am|src/core/transport/tcp/receiver/tcp_receiver.c|src/core/transport/tcp/server/simple_tcp_server/Makefile.am|,19,20,20,2008-09-23 15:56:38 +0000,2008-12-23 14:44:37 +0000,c4b134db05312562691a4defcdbfbae7b0c65320,axis2-c
AXIS2C-1269,2008-12-22 09:02:49 +0000,guththila/include/guththila_error.h|,19,20,20,2008-09-23 16:06:39 +0000,2008-12-22 09:02:17 +0000,15ba0f480af2d3d681039641f3fc00e3bf22936d,axis2-c
AXIS2C-1267,2009-01-05 10:44:10 +0000,src/core/transport/http/sender/http_sender.c|,19,20,20,2008-09-18 13:05:25 +0000,2009-01-05 10:43:40 +0000,a9a35e40db5b8aead57d5a5b32a414b1a88a0442,axis2-c
AXIS2C-1451,2010-03-08 04:55:32 +0000,guththila/src/guththila_xml_parser.c|,20,21,21,2010-02-18 16:13:23 +0000,2010-03-08 04:54:17 +0000,c7bb8e5a99c9b2b92bfe33a8c015c9f99e70b652,axis2-c
AXIS2C-1441,2010-03-05 04:09:01 +0000,guththila/include/guththila_defines.h|util/include/axutil_utils_defines.h|,20,21,21,2010-01-25 17:25:38 +0000,2010-03-05 04:08:25 +0000,f9c34ccd38f1806511d0b56dbb1fb4f6351316e3,axis2-c
AXIS2C-1438,2010-01-28 13:08:56 +0000,samples/build.sh|samples/configure.ac|,20,21,21,2010-01-19 11:19:21 +0000,2010-01-28 13:08:27 +0000,4307f261fe8de982e06700b145aebc7538b3fabf,axis2-c
AXIS2C-1439,2011-08-30 13:33:02 +0000,util/src/platforms/unix/uuid_gen_unix.c|,20,21,21,2010-01-21 10:21:41 +0000,2011-08-30 13:32:20 +0000,7c74a8595f71cfe3a4f3121b1177ca090e607713,axis2-c
AXIS2C-1231,2008-12-22 12:33:08 +0000,util/src/platforms/unix/thread_unix.c|,17,19,20,2008-07-08 23:11:33 +0000,2008-12-22 12:29:11 +0000,76ac523ddde937e76fd2bfc24b2827727f63c4a5,axis2-c
AXIS2C-1476,2010-06-28 05:21:39 +0000,src/core/transport/http/server/apache2/apache2_stream.c|,20,21,21,2010-05-03 12:31:02 +0000,2010-06-28 05:23:41 +0000,50bdb622f91dd94c1295f73ccb4b3b5b618b7fbf,axis2-c
AXIS2C-1469,2010-07-07 08:46:08 +0000,guththila/src/guththila_xml_parser.c|,20,21,21,2010-03-22 21:30:30 +0000,2010-07-07 08:44:19 +0000,94d9b6c5dd9a672b45894c96cafeabdbcbc8a5bb,axis2-c
AXIS2C-1462,2010-05-31 03:18:10 +0000,util/src/log.c|,20,21,21,2010-03-04 18:14:10 +0000,2010-05-31 03:17:12 +0000,7d140587e270bd088d7d6e9029786a108a0979c8,axis2-c
AXIS2C-96,2006-03-17 14:33:24 +0000,axiom/src/om/om_stax_builder.c|,5,6,16,2006-03-14 08:58:48 +0000,2008-02-13 03:02:01 +0000,6243a9c0dd789f5ef718a5eaf139e7842a7c309e,axis2-c
AXIS2C-1460,2010-06-28 20:56:23 +0000,util/include/axutil_env.h|util/src/env.c|,20,21,21,2010-03-04 14:12:48 +0000,2010-06-28 21:06:36 +0000,8c1a6e59636bab7a032874199d4ebc80e79aeb8f,axis2-c
AXIS2C-1461,2010-05-31 01:32:07 +0000,util/src/allocator.c|,20,21,21,2010-03-04 16:25:55 +0000,2010-05-31 01:30:46 +0000,df4a4abe5a72a73887579607c586bcd37b3290b6,axis2-c
AXIS2C-1466,2010-07-07 08:55:00 +0000,util/test/util/test_thread.c|util/test/util/test_thread.h|,20,21,21,2010-03-10 09:14:02 +0000,2010-07-07 08:54:06 +0000,1e9d6fc317002cf13d83d849d5346d31f71c56f6,axis2-c
AXIS2C-467,2006-12-18 11:42:13 +0000,modules/core/clientapi/op_client.c|,11,12,12,2006-12-18 09:28:38 +0000,2006-12-18 11:41:17 +0000,22350a01c396ae9bb009c92cf3638c5a15ae0fdd,axis2-c
AXIS2C-464,2006-12-15 06:36:05 +0000,build/win32/makefile|,11,12,12,2006-12-15 06:35:20 +0000,2006-12-15 06:36:24 +0000,b08b46c2fda022f6ee3819d54be6fda8f2b93a89,axis2-c
AXIS2C-6,2006-01-25 18:54:11 +0000,configure.ac|neethi/autogen.sh|samples/mtom_caching_callback/Makefile.am|samples/mtom_sending_callback/Makefile.am|util/configure.ac|,3,3,20,2006-01-11 10:55:08 +0000,2008-12-22 11:18:19 +0000,b757718099508b3b5383f98b141b9b2462eb5623,axis2-c
AXIS2C-4,2006-01-11 14:32:36 +0000,tools/tcpmon/src/tcpmon.c|,3,3,16,2006-01-11 10:46:05 +0000,2008-02-06 19:32:42 +0000,bb4b29a67bc599627021792eb3206f46f5f98d56,axis2-c
AXIS2C-3,2006-01-11 14:34:20 +0000,modules/core/phaseresolver/phase_resolver.c|,3,3,13,2006-01-11 10:43:51 +0000,2007-03-26 05:45:20 +0000,3385295697e23952e9183dde2c5d52205c4963f3,axis2-c
AXIS2C-9,2006-07-25 06:46:25 +0000,src/core/transport/http/server/apache2/mod_axis2.c|,3,3,21,2006-01-11 13:45:54 +0000,2010-04-07 04:25:49 +0000,f0fbcbb7d64dd5472a605e19753a1558e9d37a5a,axis2-c
AXIS2C-7,2006-01-11 13:08:23 +0000,src/core/clientapi/op_client.c|src/core/context/msg_ctx.c|,3,3,16,2006-01-11 11:03:19 +0000,2008-02-13 02:58:44 +0000,83e2c9a8e03024fcbe451623be6a541bf972c15e,axis2-c
AXIS2C-2,2006-01-12 13:28:53 +0000,include/axis2_core_dll_desc.h|include/axis2_core_utils.h|src/core/deployment/axis2_desc_builder.h|src/core/deployment/dep_engine.c|util/include/axutil_dll_desc.h|,3,3,16,2006-01-11 02:48:17 +0000,2008-02-12 18:55:41 +0000,78b9e0ba2a2a55c80eaa86264df8eb48f5f07149,axis2-c
AXIS2C-1,2006-01-11 14:49:13 +0000,src/core/clientapi/options.c|,3,3,21,2006-01-11 02:42:05 +0000,2018-12-04 05:15:39 +0000,9306bd13eefc1fb30be0ffab73086b86c7e57dbf,axis2-c
AXIS2C-230,2006-09-06 18:36:34 +0000,modules/core/clientapi/op_client.c|modules/core/context/ctx.c|,8,9,10,2006-08-23 05:39:29 +0000,2006-09-06 18:38:09 +0000,5b940d279a3537b365aea89c9266448e122fed32,axis2-c
AXIS2C-1174,2008-06-03 03:53:10 +0000,src/modules/mod_addr/addr_out_handler.c|,17,18,18,2008-06-02 14:24:59 +0000,2008-06-03 03:52:00 +0000,6964b73dd0a89acd5255da062ebd53f182c537e4,axis2-c
AXIS2C-240,2006-09-06 06:24:44 +0000,rampart/samples/client/enc_echo/data/server.enc.axis2.xml|rampart/src/handlers/rampart_in_handler.c|rampart/src/handlers/rampart_out_handler.c|,9,10,10,2006-09-02 18:07:19 +0000,2006-09-06 06:07:10 +0000,8ce94a68d52b5e3d991ddf6790f284680d26b51e,axis2-c
AXIS2C-1165,2008-06-25 07:48:49 +0000,src/modules/mod_addr/addr_in_handler.c|,16,18,18,2008-05-29 15:49:14 +0000,2008-06-25 06:16:20 +0000,8c650eeecc438102691008f3ae0502f9d0ce1d1d,axis2-c
AXIS2C-1166,2009-01-06 13:04:31 +0000,src/core/transport/http/common/simple_http_svr_conn.c|,17,18,20,2008-05-30 08:48:56 +0000,2009-01-06 13:02:48 +0000,388affc85e27a401d4959af1acb9567ff8cd5b3a,axis2-c
AXIS2C-1169,2009-01-06 11:41:04 +0000,src/core/transport/http/common/simple_http_svr_conn.c|,17,18,20,2008-05-30 10:46:08 +0000,2009-01-06 11:40:04 +0000,7a568d91b1fe5c412c9e896ac7c9cf9e33ddbe9e,axis2-c
AXIS2C-856,2008-02-04 09:31:19 +0000,axiom/include/axiom_element.h|,14,15,16,2007-12-27 20:51:44 +0000,2008-02-04 09:31:04 +0000,d2d6f0e56544f8741ae78d29fcd2d99466321894,axis2-c
AXIS2C-854,2008-01-29 19:15:12 +0000,src/core/deployment/svc_builder.c|src/core/description/svc.c|src/core/engine/soap_action_disp.c|src/core/phaseresolver/phase_resolver.c|,15,15,16,2007-12-24 14:54:50 +0000,2008-01-29 19:14:41 +0000,d2524f5c095272fd15696d4da093a1147788ceb9,axis2-c
AXIS2C-612,2007-06-14 07:31:57 +0000,src/core/receivers/msg_recv.c|,13,14,14,2007-06-05 14:02:45 +0000,2007-06-14 07:33:05 +0000,e48d9e9ff9f6beb188d57f89ec5544512c6a940c,axis2-c
AXIS2C-853,2008-01-30 19:13:00 +0000,build/win32/makefile|,15,15,16,2007-12-21 05:53:25 +0000,2008-01-30 19:13:51 +0000,aa53a0593fff27e561403087c78bb39cafb278de,axis2-c
AXIS2C-626,2007-07-17 03:47:41 +0000,util/src/network_handler.c|,13,14,14,2007-06-25 07:06:56 +0000,2007-07-17 03:44:04 +0000,9149f5881ca65be75d0ce35fa320d55749140877,axis2-c
AXIS2C-631,2007-07-09 08:56:40 +0000,util/src/error.c|,13,14,14,2007-07-03 12:58:11 +0000,2007-07-03 14:29:30 +0000,47e48ba4caa23b4788d1170e322a214f44b93cab,axis2-c
AXIS2C-411,2006-11-20 08:22:48 +0000,rampart/samples/client/echo/echo.c|rampart/src/handlers/rampart_out_handler.c|rampart/src/util/Makefile.am|rampart/src/util/timestamp_token.c|,11,12,12,2006-11-19 12:44:56 +0000,2006-11-20 08:17:52 +0000,6c189946e4de8d9f380ae443062ddbd9e6898dcb,axis2-c
AXIS2C-665,2007-08-15 11:29:24 +0000,src/core/clientapi/op_client.c|,13,14,14,2007-08-09 10:46:29 +0000,2007-08-15 11:13:17 +0000,d33859d7ffcda3734f2dd90726bf7cd4c2e188f3,axis2-c
AXIS2C-422,2006-11-29 14:00:10 +0000,util/src/property.c|,11,12,12,2006-11-22 09:26:44 +0000,2006-11-29 13:32:59 +0000,a94b898bd51cab3d718828bc164d2381a8655b05,axis2-c
AXIS2C-437,2006-12-06 12:57:13 +0000,include/axis2_options.h|modules/core/clientapi/options.c|modules/core/context/msg_ctx.c|modules/core/transport/http/sender/http_transport_sender.c|samples/user_guide/clients/echo_blocking_soap11.c|,11,12,12,2006-11-30 17:11:34 +0000,2006-12-06 13:40:39 +0000,2f99ac6d84b8d4642101c3485228ba7b4dcc7838,axis2-c
AXIS2C-434,2006-12-06 13:52:58 +0000,axiom/include/axiom_soap_header_block.h|axiom/src/soap/soap_header_block.c|,11,12,12,2006-11-30 06:00:26 +0000,2006-11-30 10:58:02 +0000,8cc5a383b1280cecac2f604e7ba2afea8d0ecfc4,axis2-c
AXIS2C-432,2006-12-06 14:20:46 +0000,util/src/url.c|,10,12,12,2006-11-28 16:46:36 +0000,2006-12-06 14:19:53 +0000,a782e2c56ec175ffc46526dd02b2c45596f7b50c,axis2-c
AXIS2C-1521,2011-08-30 13:57:09 +0000,src/core/transport/http/sender/ssl/ssl_utils.c|,20,21,21,2011-01-03 21:31:05 +0000,2011-08-30 13:56:22 +0000,72fc9d1984a88608c935263fa3b899e4e7171a58,axis2-c
AXIS2C-1522,2011-08-30 13:50:42 +0000,src/core/transport/http/sender/libcurl/axis2_libcurl.c|,20,21,21,2011-01-03 21:40:30 +0000,2011-08-30 13:50:00 +0000,307b6b821f130baf6bd4b61d6a12918902f346bd,axis2-c
AXIS2C-1518,2012-12-26 15:20:12 +0000,src/core/transport/http/server/IIS/axis2_iis_out_transport_info.c|,19,21,21,2010-12-22 11:40:18 +0000,2012-12-26 15:19:36 +0000,a15d2c7674d9fb8340bb3b1a159a3d079e79021d,axis2-c
AXIS2C-1310,2008-12-23 09:50:22 +0000,src/core/transport/http/sender/http_sender.c|,19,20,20,2008-12-08 17:05:32 +0000,2008-12-23 09:49:52 +0000,886804fdedca44c493dae8cc7cd54e1ed68a7c44,axis2-c
AXIS2C-1311,2009-01-05 09:19:03 +0000,src/core/transport/http/sender/http_client.c|,19,20,20,2008-12-08 17:09:50 +0000,2009-01-05 09:18:27 +0000,fa5c398f8bacb35ab92cb59ff060625286e01dff,axis2-c
AXIS2C-1309,2009-01-05 08:59:17 +0000,src/core/clientapi/svc_client.c|,19,20,20,2008-12-08 17:00:38 +0000,2009-01-05 08:58:35 +0000,db68854adc46fedb0ed21f7e6f420246f241e2ef,axis2-c
AXIS2C-1544,2011-08-30 14:18:57 +0000,src/core/deployment/desc_builder.c|,20,21,21,2011-04-11 19:43:47 +0000,2011-08-30 14:18:20 +0000,c5d9917653777f22e487cf2ce52756130c67c0ec,axis2-c
AXIS2C-924,2010-02-24 05:42:18 +0000,build.sh|src/core/transport/http/server/apache2/apache2_worker.c|src/core/transport/http/server/apache2/mod_axis2.c|,15,16,21,2008-01-19 21:48:33 +0000,2010-02-24 05:30:01 +0000,3f6fb16dfea43049bc4454bcf27a2264bc447cc5,axis2-c
AXIS2C-1375,2009-09-10 06:05:30 +0000,guththila/src/guththila_xml_writer.c|,20,21,21,2009-06-05 22:22:28 +0000,2009-09-10 05:57:41 +0000,ce2feaad99aca8eebdf2ffc63c3903d96f9bdd2d,axis2-c
AXIS2C-1372,2010-06-28 06:22:39 +0000,src/core/transport/http/sender/libcurl/axis2_libcurl.c|,20,21,21,2009-06-02 06:45:34 +0000,2010-06-28 06:21:51 +0000,32f4f11f7343c0656377d59852b39163a6edd866,axis2-c
AXIS2C-1124,2008-07-01 04:17:37 +0000,src/core/transport/http/util/http_transport_utils.c|,16,17,19,2008-04-30 15:10:52 +0000,2008-07-01 04:15:18 +0000,5a1fc84df2c5a3811f8ac9753c5cf56a66ef21c1,axis2-c
AXIS2C-1393,2010-03-19 12:26:26 +0000,axiom/src/soap/soap_builder.c|src/core/transport/tcp/receiver/tcp_worker.c|src/core/transport/tcp/sender/tcp_transport_sender.c|,20,21,21,2009-09-10 14:53:57 +0000,2010-03-19 12:23:53 +0000,0671728a56f3274bc83baa80564e7ced524a1c2f,axis2-c
AXIS2C-1397,2018-12-02 01:11:52 +0000,src/core/transport/http/sender/http_client.c|,20,21,21,2009-09-25 17:47:31 +0000,2018-12-02 01:09:05 +0000,ea12b7c35c6551503a9e26a01059905ecc6a5147,axis2-c
AXIS2C-1149,2008-05-22 14:21:56 +0000,src/core/transport/http/sender/http_sender.c|src/core/transport/http/util/http_transport_utils.c|,17,18,18,2008-05-21 10:17:55 +0000,2008-05-22 14:17:42 +0000,4041aa1453807ce6c084e8826c02615ba0dd7123,axis2-c
AXIS2C-1384,2010-06-03 22:12:33 +0000,util/include/axutil_date_time.h|util/src/date_time.c|util/src/rand.c|util/test/date_time/date_time_test.c|,20,21,21,2009-07-09 17:44:40 +0000,2010-06-03 22:10:38 +0000,8f0f88b61d78d5331db67004f9f7bffe2b352781,axis2-c
AXIS2C-1147,2008-05-23 11:18:47 +0000,axiom/src/soap/soap_fault.c|axiom/src/soap/soap_fault_reason.c|axiom/src/soap/soap_fault_text.c|,17,18,18,2008-05-21 09:23:57 +0000,2008-05-23 11:17:07 +0000,3137c5a7488e2e19b42bd0dcd44cc905608905c7,axis2-c
AXIS2C-1148,2008-05-23 14:07:58 +0000,src/core/transport/http/common/http_simple_request.c|src/core/transport/http/sender/http_sender.c|,17,18,18,2008-05-21 09:48:06 +0000,2008-05-23 13:47:40 +0000,c707c625dc121e6d1931d611c44a84c15087ff35,axis2-c
AXIS2C-1325,2009-12-16 03:36:18 +0000,guththila/include/guththila_defines.h|util/include/axutil_utils_defines.h|util/include/platforms/axutil_platform_auto_sense.h|,19,20,21,2009-01-07 13:05:56 +0000,2009-12-16 03:35:57 +0000,8ab9b54d1cb225f6a1e2a2ec6433eb75af1bff28,axis2-c
AXIS2C-1323,2009-01-06 09:27:00 +0000,build/win32/makefile|,19,20,20,2009-01-06 08:27:07 +0000,2009-01-06 09:26:32 +0000,3fc6b2df5482d3ba0337555554b22669b763fa58,axis2-c
AXIS2C-1557,2011-08-30 14:25:25 +0000,util/src/network_handler.c|,20,21,21,2011-07-30 03:04:05 +0000,2011-08-30 14:24:57 +0000,9488b63ebf4b0e31b837f41bcc4bb1907c31f2f5,axis2-c
AXIS2C-1356,2009-09-10 11:44:19 +0000,guththila/src/guththila_xml_parser.c|,19,20,21,2009-03-10 13:37:45 +0000,2009-09-10 11:43:30 +0000,26784280df556997bdb55aae00474663dc0ef490,axis2-c
AXIS2C-1109,2008-06-12 07:21:09 +0000,util/src/network_handler.c|,16,17,18,2008-04-17 06:36:12 +0000,2008-06-12 07:18:14 +0000,a5bcbe102284f1fb09c906ec8e859cfb1690f631,axis2-c
AXIS2C-1343,2009-02-08 18:07:46 +0000,src/core/transport/http/sender/http_sender.c|,19,20,20,2009-02-05 17:24:06 +0000,2009-02-08 18:06:53 +0000,9e4f8f9e13bdec96eeb296be68abc27685cefe9d,axis2-c
AXIS2C-1578,2012-12-26 14:02:17 +0000,src/core/transport/http/server/CGI/Makefile.am|,20,21,21,2012-01-20 02:12:12 +0000,2012-12-26 13:42:46 +0000,bac54f2895e4e2e9f378c1a939dafcaaf095aa91,axis2-c
AXIS2C-325,2006-10-19 07:05:18 +0000,tools/codegen/src/templates/c/ServiceSkeleton.xsl|,10,11,11,2006-10-06 04:26:21 +0000,2006-10-16 06:32:25 +0000,77e8241467ecb487caa078e72b8f05b38d470d29,axis2-c
AXIS2C-106,2006-04-02 15:26:47 +0000,util/src/stream.c|,5,6,17,2006-03-23 20:43:03 +0000,2008-03-18 21:34:33 +0000,b30e228449fc0398e73305c2a437a73375a866c4,axis2-c
AXIS2C-105,2006-04-02 15:22:44 +0000,src/core/transport/http/server/IIS/axis2_iis_worker.c|src/core/transport/http/server/IIS/axis2_isapi_plugin.c|,5,6,18,2006-03-23 18:50:29 +0000,2008-06-25 09:03:33 +0000,832e62565729636a0a1ecee87de058c33f785f4b,axis2-c
AXIS2C-118,2006-04-04 14:42:37 +0000,include/axis2_callback_recv.h|include/axis2_phase_resolver.h|samples/user_guide/clients/echo_non_blocking.c|src/core/clientapi/callback_recv.c|src/core/clientapi/listener_manager.c|src/core/clientapi/op_client.c|src/core/clientapi/svc_client.c|src/core/phaseresolver/phase_resolver.c|src/modules/mod_addr/addr_out_handler.c|,6,7,18,2006-04-04 13:08:22 +0000,2008-06-09 17:00:27 +0000,56ae534c7c6e8a7e1482bd11e5200b272201be46,axis2-c
AXIS2C-113,2006-04-04 12:20:01 +0000,guththila/include/guththila_attribute.h|guththila/include/guththila_buffer.h|guththila/include/guththila_namespace.h|guththila/include/guththila_reader.h|guththila/include/guththila_stack.h|guththila/include/guththila_token.h|guththila/src/guththila_attribute.c|guththila/src/guththila_namespace.c|guththila/src/guththila_stack.c|guththila/src/guththila_token.c|,6,7,18,2006-04-03 16:11:49 +0000,2008-05-26 08:48:45 +0000,c4f76d592490bbb958b35ccefc667cf1fa17d9a5,axis2-c
AXIS2C-112,2006-04-05 13:55:43 +0000,src/core/transport/http/util/http_transport_utils.c|,6,7,19,2006-04-03 16:06:23 +0000,2008-07-01 04:15:18 +0000,5a1fc84df2c5a3811f8ac9753c5cf56a66ef21c1,axis2-c
AXIS2C-122,2006-05-16 12:13:08 +0000,src/core/transport/http/util/http_transport_utils.c|,6,7,19,2006-04-12 01:29:41 +0000,2008-07-02 13:03:25 +0000,faecf0242a968cdcabb530b53f5305da65dcbb04,axis2-c
AXIS2C-1053,2008-03-13 16:31:44 +0000,util/src/duration.c|,16,17,17,2008-03-13 16:28:59 +0000,2008-03-13 16:32:51 +0000,99eb1ce464e24402b5f30d60f3798f63c87384cb,axis2-c
AXIS2C-120,2006-05-08 13:02:13 +0000,src/core/description/svc_grp.c|src/core/engine/conf.c|,7,7,18,2006-04-08 19:21:22 +0000,2008-06-26 19:36:42 +0000,d1e6e3e61b8067035bc1ea3e066c81cae2486743,axis2-c
AXIS2C-1280,2009-01-06 07:16:36 +0000,axiom/include/axiom_xml_reader.h|util/include/axutil_error.h|util/include/axutil_thread.h|util/include/platforms/unix/axutil_date_time_util_unix.h|util/include/platforms/unix/axutil_uuid_gen_unix.h|,19,20,20,2008-10-22 15:57:55 +0000,2009-01-06 07:15:59 +0000,112034aaa88d68d4c35e642d18b3f82b3fc627e6,axis2-c
AXIS2C-1042,2008-03-06 03:50:05 +0000,src/core/transport/http/util/http_transport_utils.c|,16,17,17,2008-03-04 03:23:11 +0000,2008-03-04 03:30:00 +0000,0cb752ccb75c11ac9876730d13620fc9de27c68a,axis2-c
AXIS2C-132,2006-04-21 13:51:41 +0000,guththila/include/guththila_defines.h|util/include/axutil_utils_defines.h|util/include/platforms/axutil_platform_auto_sense.h|,7,7,21,2006-04-20 18:05:56 +0000,2009-12-16 03:35:57 +0000,8ab9b54d1cb225f6a1e2a2ec6433eb75af1bff28,axis2-c
AXIS2C-387,2006-11-13 02:17:13 +0000,modules/core/description/op.c|,11,12,12,2006-11-05 22:14:59 +0000,2006-11-13 02:13:29 +0000,5cadb85d5fd277c7df9c09ec2d74ee4af9601a35,axis2-c
AXIS2C-142,2006-05-03 12:14:18 +0000,axiom/src/xpath/xpath.c|src/modules/mod_addr/mod_addr.c|,6,7,21,2006-04-28 20:25:08 +0000,2010-06-02 03:00:12 +0000,1b32ea285daf341d1fd792d0e113e66579003dc1,axis2-c
AXIS2C-140,2006-05-01 21:58:37 +0000,axiom/src/om/om_stax_builder.c|,6,7,21,2006-04-27 22:36:36 +0000,2010-03-23 10:12:10 +0000,3fb06abb8af14ebef310084569913400e371e8cc,axis2-c
AXIS2C-141,2006-04-30 18:18:48 +0000,test/core/addr/Makefile.am|test/core/addr/test_addr.c|test/core/clientapi/Makefile.am|test/core/clientapi/test_client.c|test/core/clientapi/test_clientapi.c|test/core/clientapi/test_svc_client_handler_count.c|test/core/context/Makefile.am|test/core/context/test_context.c|test/core/deployment/Makefile.am|test/core/deployment/test_deployment.c|test/core/description/Makefile.am|test/core/description/test_description.c|test/core/engine/Makefile.am|test/core/engine/test_engine.c|test/core/transport/http/Makefile.am|test/core/transport/http/test_http_transport.c|util/test/allocator/Makefile.am|util/test/allocator/allocator_test.c|util/test/date_time/Makefile.am|util/test/date_time/date_time_test.c|util/test/duration/Makefile.am|util/test/duration/duration_test.c|util/test/link_list/Makefile.am|util/test/link_list/link_list_test.c|util/test/properties/Makefile.am|util/test/properties/property_test.c|util/test/properties/test.doc|util/test/rand/Makefile.am|util/test/rand/rand_test.c|util/test/stack/Makefile.am|util/test/stack/stack_test.c|util/test/string_util/Makefile.am|util/test/string_util/string_util_test.c|util/test/uri/Makefile.am|util/test/uri/uri_test.c|util/test/url/Makefile.am|util/test/url/url_test.c|util/test/util/Makefile.am|util/test/util/test_log.c|util/test/util/test_log.h|util/test/util/test_md5.c|util/test/util/test_string.c|util/test/util/test_thread.c|util/test/util/test_thread.h|util/test/util/test_util.c|util/test/utils/Makefile.am|util/test/utils/utils_test.c|,6,7,21,2006-04-28 20:17:04 +0000,2010-07-08 06:38:10 +0000,988d90d61dcb6f8c3623643fcb66fdb0ce901fb1,axis2-c
AXIS2C-159,2006-05-09 22:44:47 +0000,src/core/transport/http/util/http_transport_utils.c|,7,7,21,2006-05-09 12:56:18 +0000,2012-12-26 06:58:02 +0000,56021a04d106d4930cc8065b4938698d3ca444cf,axis2-c
AXIS2C-724,2008-02-09 21:06:03 +0000,util/src/platforms/windows/dir_windows.c|,14,15,16,2007-10-12 01:20:40 +0000,2008-02-09 21:06:07 +0000,11a843c2abb645f2fba77fa683723c5800e35bb7,axis2-c
AXIS2C-974,2008-02-08 17:26:29 +0000,src/core/transport/http/sender/http_sender.c|,15,16,16,2008-02-08 09:59:52 +0000,2008-02-08 17:12:19 +0000,290d69f0d2506f3459ad181f4f7ec9c937de8485,axis2-c
AXIS2C-728,2007-11-02 09:43:07 +0000,src/core/transport/http/sender/ssl/ssl_stream.c|,14,15,15,2007-10-16 10:38:30 +0000,2007-11-01 13:34:07 +0000,05758abf9e0ca5cf19bc1d7a00ecf4947bc4411a,axis2-c
AXIS2C-995,2010-04-07 04:27:06 +0000,src/core/transport/http/server/apache2/mod_axis2.c|,15,16,21,2008-02-20 06:44:21 +0000,2010-04-07 04:25:49 +0000,f0fbcbb7d64dd5472a605e19753a1558e9d37a5a,axis2-c
AXIS2C-991,2008-02-18 14:23:35 +0000,axiom/src/soap/soap_header.c|,15,16,16,2008-02-18 13:07:29 +0000,2008-02-18 14:21:54 +0000,e15c4fb1e3ff91caca5628fbee90df4aea7c8d0e,axis2-c
AXIS2C-767,2007-12-10 11:50:48 +0000,src/core/clientapi/options.c|src/core/transport/http/sender/http_sender.c|,14,15,15,2007-11-15 19:57:17 +0000,2007-12-10 11:49:16 +0000,459c2b6206eb6cb97959629645f1aef778c258fa,axis2-c
AXIS2C-784,2007-12-10 05:18:25 +0000,xdocs/docs/axis2c_manual.html|,14,15,15,2007-11-26 06:14:09 +0000,2007-12-10 05:18:02 +0000,e5c169c5c23de20ecece07cc49098be2dc026715,axis2-c
AXIS2C-791,2008-02-06 01:03:20 +0000,src/core/clientapi/op_client.c|src/core/context/msg_ctx.c|,14,15,16,2007-11-29 02:37:18 +0000,2008-02-13 02:58:44 +0000,83e2c9a8e03024fcbe451623be6a541bf972c15e,axis2-c
